Method,Job,AnalyzeLaunchVariance,EvaluateOverhead,MaxAbsoluteError,MaxRelativeError,MinInvokeCount,MinIterationTime,OutlierMode,Affinity,EnvironmentVariables,Jit,Platform,PowerPlanMode,Runtime,AllowVeryLargeObjects,Concurrent,CpuGroups,Force,HeapAffinitizeMask,HeapCount,NoAffinitize,RetainVm,Server,Arguments,BuildConfiguration,Clock,EngineFactory,NuGetReferences,Toolchain,IsMutator,InvocationCount,IterationCount,IterationTime,LaunchCount,MaxIterationCount,MaxWarmupIterationCount,MinIterationCount,MinWarmupIterationCount,RunStrategy,UnrollFactor,WarmupCount,Width,Mean,Error,StdDev,Median,Gen 0,Gen 1,Gen 2,Allocated
Overfetch,DefaultJob,False,Default,Default,Default,Default,Default,Default,1111111111111111,Empty,RyuJit,X64,8c5e7fda-e8bf-4a96-9a85-a6e23a8c635c,.NET Core 3.1,False,True,False,True,Default,Default,False,False,False,Default,Default,Default,Default,Default,Default,Default,1,Default,Default,Default,Default,Default,Default,Default,Default,16,Default,4,241.3 μs,14.81 μs,41.52 μs,224.2 μs,0.4883,0.0000,0.0000,5.34 KB
SelectOne,DefaultJob,False,Default,Default,Default,Default,Default,Default,1111111111111111,Empty,RyuJit,X64,8c5e7fda-e8bf-4a96-9a85-a6e23a8c635c,.NET Core 3.1,False,True,False,True,Default,Default,False,False,False,Default,Default,Default,Default,Default,Default,Default,1,Default,Default,Default,Default,Default,Default,Default,Default,16,Default,4,209.3 μs,4.16 μs,10.90 μs,206.1 μs,0.2441,0.0000,0.0000,3.5 KB
Overfetch,DefaultJob,False,Default,Default,Default,Default,Default,Default,1111111111111111,Empty,RyuJit,X64,8c5e7fda-e8bf-4a96-9a85-a6e23a8c635c,.NET Core 3.1,False,True,False,True,Default,Default,False,False,False,Default,Default,Default,Default,Default,Default,Default,1,Default,Default,Default,Default,Default,Default,Default,Default,16,Default,16,224.4 μs,4.41 μs,9.49 μs,225.1 μs,0.9766,0.0000,0.0000,9.42 KB
SelectOne,DefaultJob,False,Default,Default,Default,Default,Default,Default,1111111111111111,Empty,RyuJit,X64,8c5e7fda-e8bf-4a96-9a85-a6e23a8c635c,.NET Core 3.1,False,True,False,True,Default,Default,False,False,False,Default,Default,Default,Default,Default,Default,Default,1,Default,Default,Default,Default,Default,Default,Default,Default,16,Default,16,207.4 μs,4.15 μs,9.19 μs,205.7 μs,0.2441,0.0000,0.0000,3.5 KB
Overfetch,DefaultJob,False,Default,Default,Default,Default,Default,Default,1111111111111111,Empty,RyuJit,X64,8c5e7fda-e8bf-4a96-9a85-a6e23a8c635c,.NET Core 3.1,False,True,False,True,Default,Default,False,False,False,Default,Default,Default,Default,Default,Default,Default,1,Default,Default,Default,Default,Default,Default,Default,Default,16,Default,32,237.9 μs,4.57 μs,4.89 μs,236.5 μs,1.4648,0.0000,0.0000,14.65 KB
SelectOne,DefaultJob,False,Default,Default,Default,Default,Default,Default,1111111111111111,Empty,RyuJit,X64,8c5e7fda-e8bf-4a96-9a85-a6e23a8c635c,.NET Core 3.1,False,True,False,True,Default,Default,False,False,False,Default,Default,Default,Default,Default,Default,Default,1,Default,Default,Default,Default,Default,Default,Default,Default,16,Default,32,240.2 μs,15.67 μs,43.43 μs,220.2 μs,0.2441,0.0000,0.0000,3.5 KB
Overfetch,DefaultJob,False,Default,Default,Default,Default,Default,Default,1111111111111111,Empty,RyuJit,X64,8c5e7fda-e8bf-4a96-9a85-a6e23a8c635c,.NET Core 3.1,False,True,False,True,Default,Default,False,False,False,Default,Default,Default,Default,Default,Default,Default,1,Default,Default,Default,Default,Default,Default,Default,Default,16,Default,64,268.3 μs,5.36 μs,14.13 μs,264.8 μs,2.9297,0.0000,0.0000,25.1 KB
SelectOne,DefaultJob,False,Default,Default,Default,Default,Default,Default,1111111111111111,Empty,RyuJit,X64,8c5e7fda-e8bf-4a96-9a85-a6e23a8c635c,.NET Core 3.1,False,True,False,True,Default,Default,False,False,False,Default,Default,Default,Default,Default,Default,Default,1,Default,Default,Default,Default,Default,Default,Default,Default,16,Default,64,212.3 μs,5.00 μs,13.69 μs,209.3 μs,0.2441,0.0000,0.0000,3.5 KB
Overfetch,DefaultJob,False,Default,Default,Default,Default,Default,Default,1111111111111111,Empty,RyuJit,X64,8c5e7fda-e8bf-4a96-9a85-a6e23a8c635c,.NET Core 3.1,False,True,False,True,Default,Default,False,False,False,Default,Default,Default,Default,Default,Default,Default,1,Default,Default,Default,Default,Default,Default,Default,Default,16,Default,128,358.5 μs,21.24 μs,59.91 μs,332.5 μs,5.3711,0.4883,0.0000,46.27 KB
SelectOne,DefaultJob,False,Default,Default,Default,Default,Default,Default,1111111111111111,Empty,RyuJit,X64,8c5e7fda-e8bf-4a96-9a85-a6e23a8c635c,.NET Core 3.1,False,True,False,True,Default,Default,False,False,False,Default,Default,Default,Default,Default,Default,Default,1,Default,Default,Default,Default,Default,Default,Default,Default,16,Default,128,203.7 μs,3.78 μs,5.54 μs,203.5 μs,0.2441,0.0000,0.0000,3.5 KB
Overfetch,DefaultJob,False,Default,Default,Default,Default,Default,Default,1111111111111111,Empty,RyuJit,X64,8c5e7fda-e8bf-4a96-9a85-a6e23a8c635c,.NET Core 3.1,False,True,False,True,Default,Default,False,False,False,Default,Default,Default,Default,Default,Default,Default,1,Default,Default,Default,Default,Default,Default,Default,Default,16,Default,256,407.0 μs,7.96 μs,12.15 μs,403.3 μs,10.7422,2.4414,0.0000,89.78 KB
SelectOne,DefaultJob,False,Default,Default,Default,Default,Default,Default,1111111111111111,Empty,RyuJit,X64,8c5e7fda-e8bf-4a96-9a85-a6e23a8c635c,.NET Core 3.1,False,True,False,True,Default,Default,False,False,False,Default,Default,Default,Default,Default,Default,Default,1,Default,Default,Default,Default,Default,Default,Default,Default,16,Default,256,210.0 μs,5.33 μs,14.68 μs,206.5 μs,0.2441,0.0000,0.0000,3.5 KB
Overfetch,DefaultJob,False,Default,Default,Default,Default,Default,Default,1111111111111111,Empty,RyuJit,X64,8c5e7fda-e8bf-4a96-9a85-a6e23a8c635c,.NET Core 3.1,False,True,False,True,Default,Default,False,False,False,Default,Default,Default,Default,Default,Default,Default,1,Default,Default,Default,Default,Default,Default,Default,Default,16,Default,512,"1,122.3 μs",111.93 μs,328.27 μs,947.7 μs,0.0000,0.0000,0.0000,176.58 KB
SelectOne,DefaultJob,False,Default,Default,Default,Default,Default,Default,1111111111111111,Empty,RyuJit,X64,8c5e7fda-e8bf-4a96-9a85-a6e23a8c635c,.NET Core 3.1,False,True,False,True,Default,Default,False,False,False,Default,Default,Default,Default,Default,Default,Default,1,Default,Default,Default,Default,Default,Default,Default,Default,16,Default,512,200.4 μs,3.91 μs,4.80 μs,200.9 μs,0.2441,0.0000,0.0000,3.5 KB
